{
  "name": "OrderLoc_f",
  "mode": "import",
  "source": {
    "type": "m",
    "expression": [
      "let",
      "    Source = Sql.Database(\"CL-EN-OM-P-DB03\", \"ReportDev\", [Query=\"-- Cleanup existing temp tables#(lf)DROP TABLE IF EXISTS #OrdersFiltered, #OrderLocationsFiltered;#(lf)-- Step 1: Pre-filter Orders (Reduce full table scans)#(lf)SELECT#(lf)    co.OrderID,#(lf)    co.OrderClientID,#(lf)    co.CreatedDate#(lf)    INTO #OrdersFiltered   #(lf)FROM#(lf)    ReportDev.dbo.CompexOrder AS co#(lf)    LEFT JOIN ReportDev.dbo.ClientDemo AS d ON d.ClientID = co.OrderClientID#(lf)WHERE#(lf)    co.ReopenDate IS NULL#(lf)    AND co.CreatedDate >= '2024-12-01'#(lf)    AND co.Active != 2#(lf)    AND d.ClientID IS NULL;#(lf)#(lf)-- Exclude demo clients#(lf)-- Step 2: Index the filtered table for better performance#(lf)CREATE CLUSTERED INDEX IX_OrdersFiltered ON #OrdersFiltered(OrderID);#(lf)-- Step 3: Filter Order Locations based on pre-filtered Orders#(lf)SELECT#(lf)    DISTINCT ol.OrderID,#(lf)    ol.OrderNo,#(lf)    co.OrderClientID AS ClientID,#(lf)    co.createddate as OrderCreatedDate,#(lf)    ol.orderno + '-' + ol.LocationNo as OrderLocNo,#(lf)    ol.LocationID,#(lf)    ol.OrderLocationID,#(lf)    ol.LocationNo,#(lf)    ol.OrderStageID,#(lf)    ol.AddlClauseText,#(lf)    ol.LocationDueDate,#(lf)    ol.SLADueDate,#(lf)    ol.CallBackDate,#(lf)    ol.CutOffDate,#(lf)    ol.OrderLocationCloseDate,#(lf)    ol.TurnAroundTime,#(lf)    ol.ServedDateTAT AS ServedDate,#(lf)    ol.RecordsReceivedDateTAT AS RecordsReceivedDate,#(lf)    ol.SuspendedDays,#(lf)    ol.IsRecordProcessed,#(lf)    ol.IsMaterialProcessed,#(lf)    ol.OP_Recs,#(lf)    ol.BP_Recs,#(lf)    ol.BasicChargesTriggered,#(lf)    ol.Present,#(lf)    ol.NoProgressionActivityCount,#(lf)    ol.BrokenPromiseCount,#(lf)    ol.ISCSException INTO #OrderLocationsFiltered#(lf)FROM#(lf)    ReportDev.dbo.OrderLocation AS ol#(lf)    INNER JOIN #OrdersFiltered AS co ON co.OrderID = ol.OrderID#(lf)WHERE#(lf)    ol.Active != 2 -- Step 4: Final optimized query to return data#(lf)SELECT#(lf)    *#(lf)FROM#(lf)    #OrderLocationsFiltered;#(lf)    -- Cleanup temp table#(lf)    DROP TABLE IF EXISTS #OrdersFiltered, #OrderLocationsFiltered;\"]),",
      "    #\"Changed Type\" = Table.TransformColumnTypes(Source,{{\"OrderID\", type text}, {\"OrderLocationID\", type text}, {\"LocationNo\", type text}, {\"LocationDueDate\", type date}, {\"SLADueDate\", type date}, {\"CallBackDate\", type date}, {\"CutOffDate\", type date}, {\"ServedDate\", type date}, {\"RecordsReceivedDate\", type date}, {\"OrderCreatedDate\", type date}, {\"OrderLocationCloseDate\", type date}})",
      "in",
      "    #\"Changed Type\""
    ]
  }
}