{
  "name": "AssignedDate",
  "dataType": "dateTime",
  "sourceColumn": "AssignedDate",
  "formatString": "Mm/dd/yyyy",
  "lineageTag": "de6eed48-e350-4a13-ab0a-daaa6b00cb1c",
  "summarizeBy": "none",
  "changedProperties": [
    {
      "property": "IsHidden"
    }
  ],
  "annotations": [
    {
      "name": "SummarizationSetBy",
      "value": "Automatic"
    },
    {
      "name": "UnderlyingDateTimeDataType",
      "value": "Date"
    },
    {
      "name": "PBI_FormatHint",
      "value": "{\"isCustom\":true}"
    }
  ]
}