{
  "name": "AutoCloseDate",
  "dataType": "dateTime",
  "sourceColumn": "AutoCloseDate",
  "formatString": "Mm/dd/yyyy",
  "lineageTag": "6a21e967-f516-4279-b8ff-6d6683e7e33c",
  "summarizeBy": "none",
  "changedProperties": [
    {
      "property": "IsHidden"
    }
  ],
  "annotations": [
    {
      "name": "SummarizationSetBy",
      "value": "Automatic"
    },
    {
      "name": "UnderlyingDateTimeDataType",
      "value": "Date"
    },
    {
      "name": "PBI_FormatHint",
      "value": "{\"isCustom\":true}"
    }
  ]
}