{
  "name": "CreatedDate",
  "dataType": "dateTime",
  "sourceColumn": "CreatedDate",
  "formatString": "Mm/dd/yyyy",
  "lineageTag": "daf1a00c-4f84-479b-9705-d963591db534",
  "summarizeBy": "none",
  "changedProperties": [
    {
      "property": "IsHidden"
    }
  ],
  "annotations": [
    {
      "name": "SummarizationSetBy",
      "value": "Automatic"
    },
    {
      "name": "UnderlyingDateTimeDataType",
      "value": "Date"
    },
    {
      "name": "PBI_FormatHint",
      "value": "{\"isCustom\":true}"
    }
  ]
}