{
  "name": "OrderCloseDate",
  "dataType": "dateTime",
  "sourceColumn": "OrderCloseDate",
  "formatString": "Mm/dd/yyyy",
  "lineageTag": "5c0fe6e3-747a-4057-9ef6-435d4aaf0214",
  "summarizeBy": "none",
  "changedProperties": [
    {
      "property": "IsHidden"
    }
  ],
  "annotations": [
    {
      "name": "SummarizationSetBy",
      "value": "Automatic"
    },
    {
      "name": "UnderlyingDateTimeDataType",
      "value": "Date"
    },
    {
      "name": "PBI_FormatHint",
      "value": "{\"isCustom\":true}"
    }
  ]
}