{
  "type": "calculated",
  "name": "Order Attestation Status",
  "dataType": "string",
  "isDataTypeInferred": true,
  "expression": [
    "",
    "VAR PendingExists =",
    "    CALCULATE (",
    "        COUNTROWS ( OrderLoc_f ),",
    "        Attestation_f[AttestationStatus] = \"Pending\"",
    "    ) > 0",
    "VAR RejectedExists =",
    "    CALCULATE (",
    "        COUNTROWS ( OrderLoc_f ),",
    "        Attestation_f[AttestationStatus] = \"Rejected\" || Attestation_f[AttestationStatus] = \"Missing\"",
    "    ) > 0",
    "// VAR MissingExists =",
    "//     CALCULATE (",
    "//         COUNTROWS ( OrderLoc_f ),",
    "//         Attestation_f[AttestationStatus] = \"Missing\"",
    "//     ) > 0",
    "VAR ReceivedOnly =",
    "    CALCULATE (",
    "        COUNTROWS ( OrderLoc_f ),",
    "        NOT ( ISBLANK ( Attestation_f[AttestationStatus] ) ),",
    "        Attestation_f[AttestationStatus] <> \"Pending\",",
    "        Attestation_f[AttestationStatus] <> \"Rejected\",",
    "        Attestation_f[AttestationStatus] <> \"Missing\"",
    "    ) > 0",
    "RETURN",
    "    IF (",
    "        PendingExists,",
    "        \"Suspended\",",
    "        IF (",
    "            RejectedExists,",
    "            \"Rejected\",",
    "            // IF (",
    "            //     MissingExists,",
    "            //     \"Missing\",",
    "                IF ( ReceivedOnly, \"Received\", \"No attestations\" )",
    "            // )",
    "        )",
    "    )",
    ""
  ],
  "lineageTag": "29c78502-dabe-4176-97d0-d7d329ea57d0",
  "summarizeBy": "none",
  "changedProperties": [
    {
      "property": "IsHidden"
    }
  ],
  "annotations": [
    {
      "name": "SummarizationSetBy",
      "value": "Automatic"
    }
  ]
}