{
  "name": "Client_d",
  "mode": "import",
  "source": {
    "type": "m",
    "expression": [
      "let",
      "    Source = Sql.Database(\"CL-EN-OM-P-DB03\", \"ReportDev\", [Query=\"SELECT DISTINCT#(lf)    cl.ClientID,#(lf)    cl.FirmName AS ClientName,#(lf)    cl.ClientType,#(lf)    cl.ClientGroup,#(lf)    cl.ClientClass,#(lf)    cl.ClientRole,#(lf)    cl.RevenueState,#(lf)    cl.AccountManager,#(lf)    amt.TerritoryCode AS AccountManagerTerritory,#(lf)    amt.RegionName AS AccountManagerRegion,#(lf)    vps.VipSalesPerson,#(lf)    vps.RegionName AS VipSalesPersonRegion,#(lf)    vps.TerritoryCode AS VipSalesPersonTerritory,#(lf)    tm.TeamName AS CustomerServiceTeamName,#(lf)    cl.PreferredCSREmployeeIDEmployeeName AS PreferredCSR,#(lf)    cl.PreferredOEEmployee AS PreferredOE,#(lf)    tm.TeamVP AS CustomerServiceTeamVP,#(lf)    tm.IsPodTeam,#(lf)    pg.IsVip,#(lf)    pg.PriceGroupName,#(lf)    pg.PriceGroupType,#(lf)    pg.Carrier#(lf)FROM Client cl#(lf)#(tab)INNER JOIN CompexOrder AS co ON cl.ClientID = co.OrderClientID#(lf)    INNER JOIN ReportDev.dbo.OrderLocation AS ol ON co.OrderID = ol.OrderID#(lf)    LEFT JOIN ClientDemo AS d ON d.ClientID = co.OrderClientID#(lf)LEFT OUTER JOIN AccountManagerTerritory amt WITH (NOLOCK)#(lf)    ON cl.AccountManagerID = amt.AccountManagerID #(lf)    AND cl.TerritoryNumber = amt.TerritoryCode#(lf)LEFT OUTER JOIN VipSalesPersonTerritory vps WITH (NOLOCK)#(lf)    ON cl.SalesRepEmployeeID = vps.VipSalesPersonID#(lf)LEFT OUTER JOIN nv_CompexTeam tm #(lf)    ON cl.CustomerServiceTeamID = tm.TeamID#(lf)LEFT OUTER JOIN dv_ClientPriceGroup pg #(lf)    ON cl.ClientID = pg.ClientID#(lf)WHERE co.ReopenDate IS NULL#(lf)    AND co.CreatedDate >= '2024-12-01'#(lf)    AND co.Active != 2#(lf)    AND ol.Active != 2#(lf)    AND d.ClientID IS NULL#(lf)#(tab)AND cl.Active != 2\"]),",
      "    #\"Changed Type\" = Table.TransformColumnTypes(Source,{{\"ClientID\", type text}, {\"IsVip\", type logical}})",
      "in",
      "    #\"Changed Type\""
    ]
  }
}