{
  "type": "calculated",
  "name": "Time",
  "dataType": "dateTime",
  "expression": "FORMAT('Now'[Now],\"hh:mm AM/PM\")",
  "formatString": "hh:mm AM/PM",
  "lineageTag": "6c86c101-87db-4882-808a-7a840cdd702b",
  "summarizeBy": "none",
  "changedProperties": [
    {
      "property": "DataType"
    },
    {
      "property": "IsHidden"
    }
  ],
  "annotations": [
    {
      "name": "SummarizationSetBy",
      "value": "Automatic"
    },
    {
      "name": "UnderlyingDateTimeDataType",
      "value": "Time"
    },
    {
      "name": "PBI_FormatHint",
      "value": "{\"isCustom\":true}"
    }
  ]
}