{
  "name": "Location_d",
  "mode": "import",
  "source": {
    "type": "m",
    "expression": [
      "let",
      "    Source = Sql.Database(\"CL-EN-OM-P-DB03\", \"ReportDev\", [Query=\"-- Cleanup existing temp tables if they exist#(lf)DROP TABLE IF EXISTS #OrderLocations, #LocationFiltered;#(lf)-- Step 1: Pre-filter OrderLocations (Reduces full table scans)#(lf)SELECT#(lf)    ol.OrderLocationID,#(lf)    ol.LocationID INTO #OrderLocations#(lf)FROM#(lf)    ReportDev.dbo.OrderLocation AS ol#(lf)    INNER JOIN ReportDev.dbo.CompexOrder AS co ON co.OrderID = ol.OrderID#(lf)    LEFT JOIN ReportDev.dbo.ClientDemo AS d ON d.ClientID = co.OrderClientID#(lf)WHERE#(lf)    co.ReopenDate IS NULL#(lf)    AND co.CreatedDate >= '2024-12-01'#(lf)    AND co.Active != 2#(lf)    AND ol.Active != 2#(lf)    AND d.ClientID IS NULL;#(lf)#(lf)-- Exclude demo clients#(lf)-- Step 2: Pre-filter Location data for better performance#(lf)CREATE CLUSTERED INDEX IX_OrderLocations ON #OrderLocations(LocationID);#(lf)SELECT#(lf)    loc.LocationID,#(lf)    loc.LocationName,#(lf)    cd1.CodeValue AS LocationType,#(lf)    cd2.CodeValue AS LocationClass,#(lf)    loc.LocationPayee,#(lf)    loc.IsConsumer,#(lf)    loc.IsBillingOffice,#(lf)    loc.SpecificAuthorization,#(lf)    loc.RequiresAuthorizationSDT,#(lf)    loc.RequiresDAPAuthorization,#(lf)    loc.RequiresSDT,#(lf)    loc.TotalPendingOrders INTO #LocationFiltered#(lf)FROM#(lf)    ReportDev.dbo.Location AS loc#(lf)    LEFT JOIN ReportDev.dbo.Code AS cd1 ON loc.LocationTypeID = cd1.CodeID#(lf)    LEFT JOIN ReportDev.dbo.Code AS cd2 ON loc.LocationClassID = cd2.CodeID#(lf)WHERE#(lf)    EXISTS (#(lf)        SELECT#(lf)            1#(lf)        FROM#(lf)            #OrderLocations ol WHERE ol.LocationID = loc.LocationID#(lf)    );#(lf)#(lf)-- Create indexes for optimized lookups#(lf)-- Step 3: Final optimized query#(lf)SELECT#(lf)    DISTINCT locf.*#(lf)FROM#(lf)    #LocationFiltered locf#(lf)    INNER JOIN #OrderLocations ol ON ol.LocationID = locf.LocationID;#(lf)    -- Cleanup temp tables#(lf)    DROP TABLE IF EXISTS #OrderLocations, #LocationFiltered;\"]),",
      "    #\"Changed Type\" = Table.TransformColumnTypes(Source,{{\"LocationID\", type text}})",
      "in",
      "    #\"Changed Type\""
    ]
  }
}