{
  "name": "# of Orders Received",
  "expression": [
    "",
    "IF(",
    "    HASONEVALUE(Orders_f[Order Attestation Status]),",
    "    IF(",
    "        VALUES(Orders_f[Order Attestation Status]) = \"Received\",",
    "        CALCULATE(",
    "            DISTINCTCOUNT(Orders_f[OrderID]),",
    "            Orders_f[Order Attestation Status] = \"Received\"",
    "        ),",
    "        0",
    "    ),",
    "    CALCULATE(",
    "        DISTINCTCOUNT(Orders_f[OrderID]),",
    "        Orders_f[Order Attestation Status] = \"Received\"",
    "    )",
    ")+ 0"
  ],
  "formatString": "#,0",
  "displayFolder": "#",
  "lineageTag": "0cc03c68-1afb-472e-9c16-13620496efa9",
  "changedProperties": [
    {
      "property": "IsHidden"
    }
  ]
}