{
  "name": "# of Orders Suspended",
  "expression": [
    "",
    "IF(",
    "    HASONEVALUE(Orders_f[Order Attestation Status]),",
    "    IF(",
    "        VALUES(Orders_f[Order Attestation Status]) = \"Suspended\",",
    "        CALCULATE(",
    "            DISTINCTCOUNT(Orders_f[OrderID]),",
    "            Orders_f[Order Attestation Status] = \"Suspended\"",
    "        ),",
    "        0",
    "    ),",
    "    CALCULATE(",
    "        DISTINCTCOUNT(Orders_f[OrderID]),",
    "        Orders_f[Order Attestation Status] = \"Suspended\"",
    "    )",
    ") + 0"
  ],
  "formatString": "#,0",
  "displayFolder": "#",
  "lineageTag": "b2c18bd6-ea00-49f8-8a6e-5a8441607838",
  "changedProperties": [
    {
      "property": "IsHidden"
    }
  ]
}