{
  "name": "# of Orders Rejected",
  "expression": [
    "",
    "IF(",
    "    HASONEVALUE(Orders_f[Order Attestation Status]),",
    "    IF(",
    "        VALUES(Orders_f[Order Attestation Status]) = \"Rejected\",",
    "        CALCULATE(",
    "            DISTINCTCOUNT(Orders_f[OrderID]),",
    "            Orders_f[Order Attestation Status] = \"Rejected\"",
    "        ),",
    "        0",
    "    ),",
    "    CALCULATE(",
    "        DISTINCTCOUNT(Orders_f[OrderID]),",
    "        Orders_f[Order Attestation Status] = \"Rejected\"",
    "    )",
    ")+ 0"
  ],
  "formatString": "0",
  "displayFolder": "#",
  "lineageTag": "bb4e6440-1d40-409b-b4b5-792d305db447",
  "changedProperties": [
    {
      "property": "IsHidden"
    }
  ]
}