{
  "name": "Attest. Order Value",
  "expression": [
    "ROUND (",
    "    CALCULATE (",
    "        [Total Revenue],",
    "        NOT ( ISBLANK ( Attestation_f[AttestationStatus] ) )",
    "    ) + 0,",
    "    0",
    ")"
  ],
  "formatString": "\\$#,0.###############;(\\$#,0.###############);\\$#,0.###############",
  "displayFolder": "$",
  "lineageTag": "1e0cc19f-5fef-45f7-8230-6e1623ddd9e1",
  "changedProperties": [
    {
      "property": "IsHidden"
    }
  ],
  "annotations": [
    {
      "name": "PBI_FormatHint",
      "value": "{\"currencyCulture\":\"en-US\"}"
    }
  ]
}