{
  "name": "Avg Order Completion Delay",
  "expression": [
    "AVERAGEX (",
    "    FILTER (",
    "        Orders_f,",
    "        NOT ( ISBLANK ( Orders_f[OrderCloseDate] ) )",
    "            && Orders_f[Order Attestation Status] IN { \"Pending\", \"Rejected\", \"Missing\" }",
    "    ),",
    "    DATEDIFF ( Orders_f[CreatedDate], Orders_f[OrderCloseDate], DAY )",
    ")"
  ],
  "formatString": "0",
  "displayFolder": "Avg",
  "lineageTag": "59933978-53f8-4705-9fa0-fb3ac7b6a156",
  "changedProperties": [
    {
      "property": "IsHidden"
    }
  ],
  "annotations": [
    {
      "name": "PBI_FormatHint",
      "value": "{\"isGeneralNumber\":true}"
    }
  ]
}