{
  "name": "Avg Days to Receive Attestation",
  "expression": [
    "AVERAGEX (",
    "    FILTER (",
    "        Attestation_f,",
    "        Attestation_f[AttestationStatus] = \"Received\"",
    "            && NOT ( ISBLANK ( Attestation_f[PendingDate] ) )",
    "                && NOT ( ISBLANK ( Attestation_f[ReceivedDate] ) )",
    "    ),",
    "    DATEDIFF ( Attestation_f[PendingDate], Attestation_f[ReceivedDate], DAY )",
    ")"
  ],
  "formatString": "0.0",
  "displayFolder": "Avg",
  "lineageTag": "a8e4c87e-713d-4373-93b6-f9ccfb5ab1d0",
  "changedProperties": [
    {
      "property": "IsHidden"
    }
  ]
}