{
  "name": "Closed Revenue",
  "expression": "CALCULATE ( [Total Revenue], NOT ISBLANK ( Orders_f[OrderCloseDate] ) ) + 0",
  "formatString": "\\$#,0.###############;(\\$#,0.###############);\\$#,0.###############",
  "displayFolder": "$",
  "lineageTag": "2b6304c0-3577-4bd4-a26e-998b85771e70",
  "changedProperties": [
    {
      "property": "IsHidden"
    }
  ],
  "annotations": [
    {
      "name": "PBI_FormatHint",
      "value": "{\"currencyCulture\":\"en-US\"}"
    }
  ]
}