{
  "name": "Pending Attest. Order Value",
  "expression": [
    "ROUND (",
    "    CALCULATE ( [Total Revenue], Attestation_f[AttestationStatus] = \"Pending\" ) + 0,",
    "    0",
    ")"
  ],
  "formatString": "\\$#,0.###############;(\\$#,0.###############);\\$#,0.###############",
  "displayFolder": "$",
  "lineageTag": "b4f46bd4-fe1d-450d-acf7-a2cf0e37cb84",
  "changedProperties": [
    {
      "property": "IsHidden"
    }
  ],
  "annotations": [
    {
      "name": "PBI_FormatHint",
      "value": "{\"currencyCulture\":\"en-US\"}"
    }
  ]
}