{
  "name": "Revenue Impact",
  "expression": [
    "CALCULATE (",
    "    [Total Revenue],",
    "    FILTER (",
    "        Orders_f,",
    "        Orders_f[Order Attestation Status] IN { \"Pending\", \"Rejected\" }",
    "    )",
    ") + 0"
  ],
  "formatString": "\\$#,0.###############;(\\$#,0.###############);\\$#,0.###############",
  "displayFolder": "$",
  "lineageTag": "9a447e40-452a-45bc-83ff-b786456fda79",
  "changedProperties": [
    {
      "property": "IsHidden"
    }
  ],
  "annotations": [
    {
      "name": "PBI_FormatHint",
      "value": "{\"currencyCulture\":\"en-US\"}"
    }
  ]
}