{
  "name": "Total Revenue Impact",
  "expression": [
    "CALCULATE (",
    "    [Total Revenue],",
    "    FILTER (",
    "        Orders_f,",
    "        Orders_f[Order Attestation Status] IN { \"Pending\", \"Rejected\", \"Missing\" }",
    "    )",
    ")"
  ],
  "formatString": "\\$#,0.###############;(\\$#,0.###############);\\$#,0.###############",
  "displayFolder": "$",
  "lineageTag": "0e28dd5d-b85f-4a25-8e69-d2c8b4fe8dbb",
  "annotations": [
    {
      "name": "PBI_FormatHint",
      "value": "{\"currencyCulture\":\"en-US\"}"
    }
  ]
}