{
  "name": "Now",
  "mode": "import",
  "queryGroup": "Report Metadata",
  "source": {
    "type": "m",
    "expression": [
      "let",
      "    Source = Sql.Database(\"CL-EN-OM-P-DB03\", \"ReportDev\", [Query=\"SELECT #(lf)    DATENAME(WEEKDAY, GETDATE()) AS day_of_week,               -- Full name of the current day (e.g., Monday)#(lf)    DATEPART(WEEKDAY, GETDATE()) AS weekday_number,            -- Day of the week (Sunday = 1, Saturday = 7)#(lf)    DATEPART(DAYOFYEAR, GETDATE()) AS day_of_year,             -- Day of the year (1-365/366)#(lf)    FORMAT(GETDATE(), 'MM/dd/yyyy hh:mm tt') AS Now,          -- Current date and time in MM/DD/YYYY HH:MM AM/PM#(lf)    FORMAT(GETDATE(), 'dddd, MMMM d, yyyy') AS Friendly_Date  -- Friendly format: \"\"Monday, January 1, 2024\"\"\"])",
      "in",
      "    Source"
    ]
  }
}