{
  "name": "Stage_Dept_d",
  "mode": "import",
  "source": {
    "type": "m",
    "expression": [
      "let",
      "    Source = Sql.Database(\"CL-EN-OM-P-DB03\", \"DataAnalytics\", [Query=\"SELECT #(lf)    s.StageID,#(lf)    s.StageName,#(lf)    s.StageSequence,#(lf)    cd.DepartmentName,#(lf)    cd.ShortName AS ShortDeptName#(lf)FROM #(lf)    ReportDev.dbo.Stage AS s#(lf)INNER JOIN #(lf)    ReportDev.dbo.CompexDepartment AS cd#(lf)    ON s.DepartmentID = cd.DepartmentID;#(lf)\"]),",
      "    #\"Changed Type\" = Table.TransformColumnTypes(Source,{{\"StageID\", type text}})",
      "in",
      "    #\"Changed Type\""
    ]
  }
}