{
  "type": "calculated",
  "name": "DateInSlicerRange",
  "dataType": "dateTime",
  "isDataTypeInferred": true,
  "expression": [
    "",
    "VAR SelectedMin = MIN('Date'[Date])",
    "VAR SelectedMax = MAX('Date'[Date])",
    "RETURN",
    "DATESBETWEEN('Date'[Date],SelectedMax,SelectedMin)"
  ],
  "formatString": "General Date",
  "lineageTag": "530aa89c-8efc-4952-a9f2-796ebc5764ee",
  "summarizeBy": "none",
  "annotations": [
    {
      "name": "SummarizationSetBy",
      "value": "Automatic"
    }
  ]
}