{
  "name": "StartDate",
  "kind": "m",
  "expression": [
    "let",
    "    //Chose either a dynamic or static date - Comment out the one you don't want",
    "    ",
    "    // --- Static Date as \"yyyy-mm-dd\" ---",
    "     StartDate = \"2024-12-01\"",
    "",
    "    // // -- Dyamic Fiscal Year Start Date --",
    "    // Today = Date.From(DateTime.LocalNow()),  // Get today's date",
    "    // CurrentYear = Date.Year(Today),  // Get current calendar year",
    "    // CurrentMonth = Date.Month(Today),  // Get current month",
    "",
    "    // // Set the number of fiscal years to go back [2, 1,or 0 for only current FY]",
    "    // FiscalYearsBack = 2,  // Change this number as needed",
    "",
    "    // // Determine the current fiscal year (FY runs Apr-Mar, so FY25 started in Apr 2024)",
    "    // CurrentFiscalYear = if CurrentMonth >= 4 then CurrentYear + 1 else CurrentYear,",
    "",
    "    // // Determine the target fiscal year based on the specified offset",
    "    // TargetFiscalYear = CurrentFiscalYear - FiscalYearsBack,",
    "",
    "    // // The start date of that fiscal year is always April 1st of the prior calendar year",
    "    // Date = #date(TargetFiscalYear - 1, 4, 1),",
    "",
    "    // // Format the date as yyyy-mm-dd",
    "    // StartDate = Date.ToText(Date)",
    "",
    "in",
    "    StartDate"
  ],
  "lineageTag": "0a5c553e-f3bc-4c71-b9eb-d66e52c1723d",
  "annotations": [
    {
      "name": "PBI_NavigationStepName",
      "value": "Navigation"
    },
    {
      "name": "PBI_ResultType",
      "value": "Text"
    }
  ]
}