{
  "name": "Activity_f",
  "mode": "import",
  "source": {
    "type": "m",
    "expression": [
      "let",
      "    Source = Sql.Database(\"CL-EN-OM-P-DB03\", \"ReportDev\", [Query=\"-- Cleanup existing temp tables if they exist#(lf)DROP TABLE IF EXISTS #OrderLocation, #OrderActivity;#(lf)-- Step 1: Pre-filter OrderLocations (Reduce full table scans)#(lf)SELECT#(lf)    ol.OrderLocationID INTO #OrderLocation#(lf)FROM#(lf)    OrderLocation AS ol#(lf)    INNER JOIN CompexOrder AS co ON co.OrderID = ol.OrderID#(lf)    LEFT JOIN ClientDemo AS d ON d.ClientID = co.OrderClientID#(lf)WHERE#(lf)    co.ReopenDate IS NULL#(lf)    AND co.CreatedDate >= '2024-12-01'#(lf)    AND co.Active != 2#(lf)    AND ol.Active != 2#(lf)    AND d.ClientID IS NULL;#(lf)#(lf)-- Exclude demo clients#(lf)-- Step 2: Index the temp tables for faster joins#(lf)CREATE CLUSTERED INDEX IX_OrderLocations ON #OrderLocation(OrderLocationID);#(lf)SELECT#(lf)    DISTINCT oal.OrderActivityListID,#(lf)    oal.OrderLocationID,#(lf)    oal.ActivityID,#(lf)    oal.ActivityName,#(lf)    oal.Comments,#(lf)    cd.DepartmentName INTO #OrderActivity#(lf)FROM#(lf)    OrderActivityList AS oal#(lf)    INNER JOIN #OrderLocation ol ON ol.OrderLocationID = oal.OrderLocationID#(lf)    LEFT JOIN Stage AS s ON s.StageID = oal.OrderStageID#(lf)    INNER JOIN CompexDepartment AS cd ON s.DepartmentID = cd.DepartmentID#(lf)WHERE#(lf)    oal.Active != 2;#(lf)#(lf)--Index the temp tables for faster joins   #(lf)CREATE CLUSTERED INDEX IX_OrderLocations ON #OrderActivity(ActivityID);#(lf)-- Step 4: Final optimized query#(lf)SELECT#(lf)    oaf.*,#(lf)    a.*#(lf)FROM#(lf)    #OrderActivity oaf#(lf)    INNER JOIN Activity AS a ON a.ActivityID = oaf.ActivityID#(lf)Where#(lf)    active != 2;#(lf)#(lf)-- Cleanup temp tables#(lf)DROP TABLE IF EXISTS #OrderLocations, #OrderActivityFiltered;\"]),",
      "    #\"Removed Columns\" = Table.RemoveColumns(Source,{\"ActivityID2\"})",
      "in",
      "    #\"Removed Columns\""
    ]
  }
}