{
  "name": "PendingDate",
  "dataType": "dateTime",
  "sourceColumn": "PendingDate",
  "formatString": "Mm/dd/yyyy",
  "lineageTag": "92ae1c54-40ef-43ce-9cea-04c6546a807a",
  "summarizeBy": "none",
  "changedProperties": [
    {
      "property": "IsHidden"
    }
  ],
  "annotations": [
    {
      "name": "SummarizationSetBy",
      "value": "Automatic"
    },
    {
      "name": "UnderlyingDateTimeDataType",
      "value": "Date"
    },
    {
      "name": "PBI_FormatHint",
      "value": "{\"isCustom\":true}"
    }
  ]
}