{
  "name": "CallBackDate",
  "dataType": "dateTime",
  "sourceColumn": "CallBackDate",
  "formatString": "Mm/dd/yyyy",
  "lineageTag": "b1578d50-49a3-4024-904a-2ec80f3dec3b",
  "summarizeBy": "none",
  "changedProperties": [
    {
      "property": "IsHidden"
    }
  ],
  "annotations": [
    {
      "name": "SummarizationSetBy",
      "value": "Automatic"
    },
    {
      "name": "UnderlyingDateTimeDataType",
      "value": "Date"
    },
    {
      "name": "PBI_FormatHint",
      "value": "{\"isCustom\":true}"
    }
  ]
}