{
  "name": "LocationDueDate",
  "dataType": "dateTime",
  "sourceColumn": "LocationDueDate",
  "formatString": "Mm/dd/yyyy",
  "lineageTag": "ad0f74ba-3730-4a4c-b912-9ff55405b6ee",
  "summarizeBy": "none",
  "changedProperties": [
    {
      "property": "IsHidden"
    }
  ],
  "annotations": [
    {
      "name": "SummarizationSetBy",
      "value": "Automatic"
    },
    {
      "name": "UnderlyingDateTimeDataType",
      "value": "Date"
    },
    {
      "name": "PBI_FormatHint",
      "value": "{\"isCustom\":true}"
    }
  ]
}