{
  "name": "OrderLocationCloseDate",
  "dataType": "dateTime",
  "sourceColumn": "OrderLocationCloseDate",
  "formatString": "mm/dd/yyyy",
  "lineageTag": "899149e3-fbdb-49e6-a7cf-ec6a0032a1a5",
  "summarizeBy": "none",
  "changedProperties": [
    {
      "property": "IsHidden"
    }
  ],
  "annotations": [
    {
      "name": "SummarizationSetBy",
      "value": "Automatic"
    },
    {
      "name": "UnderlyingDateTimeDataType",
      "value": "Date"
    },
    {
      "name": "PBI_FormatHint",
      "value": "{\"isCustom\":true}"
    }
  ]
}