{
  "name": "RecordsReceivedDate",
  "dataType": "dateTime",
  "sourceColumn": "RecordsReceivedDate",
  "formatString": "Mm/dd/yyyy",
  "lineageTag": "7ff27948-d6e3-4ed7-bb85-64088b018534",
  "summarizeBy": "none",
  "changedProperties": [
    {
      "property": "IsHidden"
    }
  ],
  "annotations": [
    {
      "name": "SummarizationSetBy",
      "value": "Automatic"
    },
    {
      "name": "UnderlyingDateTimeDataType",
      "value": "Date"
    },
    {
      "name": "PBI_FormatHint",
      "value": "{\"isCustom\":true}"
    }
  ]
}