{
  "name": "ServedDate",
  "dataType": "dateTime",
  "sourceColumn": "ServedDate",
  "formatString": "Mm/dd/yyyy",
  "lineageTag": "a10b80fe-5a15-41be-b3c3-b22fad540c9a",
  "summarizeBy": "none",
  "changedProperties": [
    {
      "property": "IsHidden"
    }
  ],
  "annotations": [
    {
      "name": "SummarizationSetBy",
      "value": "Automatic"
    },
    {
      "name": "UnderlyingDateTimeDataType",
      "value": "Date"
    },
    {
      "name": "PBI_FormatHint",
      "value": "{\"isCustom\":true}"
    }
  ]
}