{
  "name": "Attestation_f",
  "mode": "import",
  "source": {
    "type": "m",
    "expression": [
      "let",
      "    Source = Sql.Database(\"CL-EN-OM-P-DB03\", \"ReportDev\", [Query=\"--cleanup#(lf)DROP TABLE IF EXISTS #OrderLocations, #OrderActivityLists, #AttestationActivities, #RejectedAttestation, #MissingAttestation;#(lf)#(lf)DECLARE @TimeStamp DATE = GETDATE()#(lf)#(lf)SELECT DISTINCT#(lf)    ol.OrderLocationID, #(lf)    ol.OrderID#(lf)INTO #OrderLocations#(lf)FROM ReportDev.dbo.OrderLocation AS ol#(lf)INNER JOIN ReportDev.dbo.CompexOrder AS co ON co.OrderID = ol.OrderID#(lf)LEFT JOIN ReportDev.dbo.ClientDemo AS d ON d.ClientID = co.OrderClientID#(lf)WHERE #(lf)    co.ReopenDate IS NULL#(lf)    AND co.CreatedDate >= '2024-12-01'#(lf)    AND co.Active != 2#(lf)    AND ol.Active != 2#(lf)    AND d.ClientID IS NULL;#(lf)#(lf)--This is worth it when joining on a heavy OrderActivityList table multiple times#(lf)CREATE CLUSTERED INDEX #OrderLocationsOrderLocationID ON #OrderLocations(OrderLocationID);#(lf)#(lf)--Some Notes, we should limit OrderActivityList as a Temp Table first based on the order locations that are being used.#(lf)--Get all of the OrderActivityLists that are between the Rejected and AttestationActivities requirements and only read directly from the table once#(lf)--Now we only have to do one CAST operation for the DATE instead of twice#(lf)--AttestationActivities#(lf)SELECT#(lf)#(tab)oal.OrderLocationID,#(lf)#(tab)oal.ActivityID,#(lf)#(tab)oal.ActivityName,#(lf)#(tab)oal.Comments,#(lf)#(tab)CAST(oal.ActivityAddedDate AS DATE) AS ActivityAddedDate#(lf)INTO #OrderActivityLists#(lf)FROM ReportDev.dbo.OrderActivityList oal#(lf)INNER JOIN #OrderLocations ol ON ol.OrderLocationID = oal.OrderLocationID;#(lf)#(lf)-- OrderActivityList is the largest table in the DB, we want to avoid dragging it around if possible, so filter to rn=1 in the temp to table to eliminate row evaluations later#(lf)SELECT #(lf)#(tab)OrderLocationID,#(lf)#(tab)ActivityID,#(lf)#(tab)ActivityAddedDate,#(lf)#(tab)CASE #(lf)#(tab)#(tab)WHEN ActivityID = 1991#(lf)#(tab)#(tab)#(tab)THEN 1#(lf)#(tab)#(tab)WHEN ActivityID = 1992#(lf)#(tab)#(tab)#(tab)THEN 2#(lf)#(tab)#(tab)ELSE -1#(lf)#(tab)END AS AttestationStatusSort#(lf)INTO #AttestationActivities#(lf)FROM#(lf)(#(lf)#(tab)SELECT #(lf)#(tab)#(tab)oal.OrderLocationID,#(lf)#(tab)#(tab)oal.ActivityID,#(lf)#(tab)#(tab)oal.ActivityAddedDate,#(lf)#(tab)#(tab)ROW_NUMBER() OVER (#(lf)#(tab)#(tab)#(tab)PARTITION BY oal.OrderLocationID, oal.ActivityID#(lf)#(tab)#(tab)#(tab)ORDER BY oal.ActivityAddedDate DESC#(lf)#(tab)#(tab)) AS rn#(lf)#(tab)FROM #OrderActivityLists oal#(lf)#(tab)INNER JOIN #OrderLocations ol ON ol.OrderLocationID = oal.OrderLocationID#(lf)#(tab)WHERE oal.ActivityID IN (1991, 1992)#(lf)) AS A#(lf)WHERE rn = 1;#(lf)#(lf)--Rejected Attestation#(lf)SELECT DISTINCT#(lf)    oal.OrderLocationID,#(lf)    oal.ActivityAddedDate AS RejectedDate,#(lf)#(tab)3 AS AttestationStatusSort#(lf)INTO #RejectedAttestation#(lf)FROM #OrderActivityLists oal#(lf)INNER JOIN #OrderLocations ol ON ol.OrderLocationID = oal.OrderLocationID#(lf)WHERE (oal.ActivityID = 422 AND lower(oal.Comments) LIKE '%attestation%');#(lf)#(lf)--Missing Attestation#(lf)SELECT DISTINCT#(lf)    rej.OrderLocationID,#(lf)    rej.RejectedDate AS MissingAttestationDate,#(lf)#(tab)4 AS AttestationStatusSort#(lf)INTO #MissingAttestation#(lf)FROM #RejectedAttestation rej#(lf)LEFT JOIN #AttestationActivities att ON rej.OrderLocationID = att.OrderLocationID#(lf)WHERE att.OrderLocationID IS NULL; -- No Attestation Sent#(lf)#(lf)SELECT#(lf)#(tab)OrderID,#(lf)#(tab)OrderLocationID,#(lf)#(tab)ActivityID,#(lf)#(tab)PendingDate,#(lf)#(tab)ReceivedDate,#(lf)#(tab)ActivityDate,#(lf)#(tab)RejectedDate,#(lf)#(tab)MissingAttestationDate,#(lf)#(tab)AttestationStatusSort,#(lf)#(tab)CASE AttestationStatusSort#(lf)#(tab)#(tab)WHEN 1#(lf)#(tab)#(tab)#(tab)THEN DATEDIFF(DAY,PendingDate,@TimeStamp)#(lf)#(tab)#(tab)WHEN 2#(lf)#(tab)#(tab)#(tab)THEN DATEDIFF(DAY,PendingDate,ReceivedDate)#(lf)#(tab)#(tab)WHEN 3#(lf)#(tab)#(tab)#(tab)THEN DATEDIFF(DAY,RejectedDate,@TimeStamp)#(lf)#(tab)#(tab)WHEN 4#(lf)#(tab)#(tab)#(tab)THEN DATEDIFF(DAY,MissingAttestationDate,@TimeStamp)#(lf)#(tab)#(tab)ELSE NULL#(lf)#(tab)END AS Age,#(lf)#(tab)CASE AttestationStatusSort#(lf)#(tab)#(tab)WHEN 1 --1991#(lf)#(tab)#(tab)#(tab)THEN 'Pending'#(lf)#(tab)#(tab)WHEN 2 --1992#(lf)#(tab)#(tab)#(tab)THEN 'Received'#(lf)#(tab)#(tab)WHEN 3 #(lf)#(tab)#(tab)#(tab)THEN 'Rejected'#(lf)#(tab)#(tab)WHEN 4#(lf)#(tab)#(tab)#(tab)THEN 'Missing'#(lf)#(tab)#(tab)ELSE 'None'#(lf)#(tab)END AS [AttestationStatus]#(lf)FROM#(lf)(#(lf)#(tab)SELECT#(lf)#(tab)#(tab)OrderID,#(lf)#(tab)#(tab)OrderLocationID,#(lf)#(tab)#(tab)MAX(AttestationStatusSort) AS AttestationStatusSort,#(lf)#(tab)#(tab)MAX(ActivityID) AS ActivityID,#(lf)#(tab)#(tab)MAX(PendingDate) AS PendingDate,#(lf)#(tab)#(tab)MAX(ReceivedDate) AS ReceivedDate,#(lf)#(tab)#(tab)MAX(ActivityAddedDate) AS ActivityDate,#(lf)#(tab)#(tab)MAX(RejectedDate) AS RejectedDate,#(lf)#(tab)#(tab)MAX(MissingAttestationDate) AS MissingAttestationDate#(lf)#(tab)FROM#(lf)#(tab)(#(lf)#(tab)#(tab)SELECT#(lf)#(tab)#(tab)#(tab)ol.OrderID,#(lf)#(tab)#(tab)#(tab)ol.OrderLocationID,#(lf)#(tab)#(tab)#(tab)att.ActivityID,#(lf)#(tab)#(tab)#(tab)CASE WHEN Att.ActivityID = 1991 THEN att.ActivityAddedDate ELSE NULL END AS PendingDate,#(lf)#(tab)#(tab)#(tab)CASE WHEN Att.ActivityID = 1992 THEN att.ActivityAddedDate ELSE NULL END AS ReceivedDate,#(lf)#(tab)#(tab)#(tab)att.ActivityAddedDate,#(lf)#(tab)#(tab)#(tab)rej.RejectedDate,#(lf)#(tab)#(tab)#(tab)ma.MissingAttestationDate,#(lf)#(tab)#(tab)#(tab)COALESCE(ma.AttestationStatusSort,rej.AttestationStatusSort,att.AttestationStatusSort) AS AttestationStatusSort#(lf)#(tab)#(tab)FROM #OrderLocations ol#(lf)#(tab)#(tab)LEFT JOIN #AttestationActivities att ON ol.OrderLocationID = att.OrderLocationID #(lf)#(tab)#(tab)LEFT JOIN #RejectedAttestation rej ON ol.OrderLocationID = rej.OrderLocationID#(lf)#(tab)#(tab)LEFT JOIN #MissingAttestation ma ON ol.OrderLocationID = ma.OrderLocationID#(lf)#(tab)) AS Anchor#(lf)#(tab)GROUP BY#(lf)#(tab)#(tab)OrderID,#(lf)#(tab)#(tab)OrderLocationID#(lf)) AS AnchorB#(lf)--Exclude Non-Attestation OrderLocations#(lf)WHERE AttestationStatusSort IS NOT NULL#(lf)#(lf)#(lf)--cleanup#(lf)DROP TABLE IF EXISTS #OrderLocations, #OrderActivityLists, #AttestationActivities, #RejectedAttestation, #MissingAttestation;\"]),",
      "    #\"Changed Type1\" = Table.TransformColumnTypes(Source,{{\"OrderID\", type text}, {\"OrderLocationID\", type text}, {\"PendingDate\", type date}, {\"ReceivedDate\", type date}})",
      "in",
      "    #\"Changed Type1\""
    ]
  }
}