{
  "type": "calculatedTableColumn",
  "name": "Day of Week Number",
  "dataType": "int64",
  "isNameInferred": true,
  "isDataTypeInferred": true,
  "isHidden": true,
  "sourceColumn": "[Day of Week Number]",
  "lineageTag": "bd4210b6-741f-4d8d-b31f-73efe16b7dff",
  "dataCategory": "DayOfWeek",
  "summarizeBy": "none",
  "annotations": [
    {
      "name": "SQLBI_AttributeTypes",
      "value": "DayOfWeek"
    },
    {
      "name": "SQLBI_FilterSafe",
      "value": "True"
    }
  ]
}