{
  "name": "_measures",
  "mode": "import",
  "queryGroup": "Report Metadata",
  "source": {
    "type": "m",
    "expression": [
      "let",
      "    Source = Table.FromRows(Json.Document(Binary.Decompress(Binary.FromText(\"i44FAA==\", BinaryEncoding.Base64), Compression.Deflate)), let _t = ((type nullable text) meta [Serialized.Text = true]) in type table [blank = _t]),",
      "    #\"Removed Columns\" = Table.RemoveColumns(Source,{\"blank\"})",
      "in",
      "    #\"Removed Columns\""
    ]
  }
}