{
  "name": "Orders_f",
  "mode": "import",
  "source": {
    "type": "m",
    "expression": [
      "let",
      "    Source = Sql.Database(\"CL-EN-OM-P-DB03\", \"DataAnalytics\", [Query=\"SELECT DISTINCT#(lf)    co.OrderID,#(lf)    co.OrderClientID AS ClientID,#(lf)    co.OrderNo,#(lf)    co.OrderClass,#(lf)    co.OrderType,#(lf)    co.ReleaseType,#(lf)    co.ServiceType,#(lf)    co.ConsumerType,#(lf)    co.AddonType,#(lf)    co.StateName,#(lf)    co.Rush,#(lf)    co.HasTruSummary,#(lf)    co.IsAuthentic4D,#(lf)    co.PriceByFirmName,#(lf)    co.OrderStage,#(lf)    co.OrderMilestone,#(lf)    co.WebStage,#(lf)    co.CreatedDate,#(lf)    co.OrderDueDate,#(lf)    co.OrderCloseDate,#(lf)    co.AutoCloseDate,#(lf)    co.CallBackDate,#(lf)    co.CutOffDate,#(lf)    co.SuspendedDays,#(lf)    co.ASPacketDeliveryDate,#(lf)    co.AssignedDate#(lf)FROM#(lf)    CompexOrder AS co#(lf)    INNER JOIN ReportDev.dbo.OrderLocation AS ol ON co.OrderID = ol.OrderID#(lf)    LEFT JOIN ClientDemo AS d ON d.ClientID = co.OrderClientID#(lf)WHERE#(lf)    co.ReopenDate IS NULL#(lf)    AND co.CreatedDate >= '2024-12-01'#(lf)    AND co.Active != 2#(lf)    AND ol.Active != 2#(lf)    AND d.ClientID IS NULL#(lf)\"]),",
      "    #\"Changed Type\" = Table.TransformColumnTypes(Source,{{\"CreatedDate\", type date}, {\"OrderDueDate\", type date}, {\"OrderCloseDate\", type date}, {\"AutoCloseDate\", type date}, {\"CallBackDate\", type date}, {\"CutOffDate\", type date}, {\"ASPacketDeliveryDate\", type date}, {\"AssignedDate\", type date}}),",
      "    #\"Replaced Value\" = Table.ReplaceValue(#\"Changed Type\",null,0,Replacer.ReplaceValue,{\"HasTruSummary\"})",
      "in",
      "    #\"Replaced Value\""
    ]
  }
}