{
  "name": "ReportData",
  "mode": "import",
  "queryGroup": "Report Metadata",
  "source": {
    "type": "m",
    "expression": [
      "let",
      "    SiteURL = \"https://compexlegal.sharepoint.com/sites/BusinessIntelligenceWorkingGroup\",",
      "    Report = #\"Report Name\",",
      "    Source =Json.Document(Web.Contents(SiteURL & \"/_api/web/GetFolderByServerRelativeUrl('Shared Documents/\" & #\"Report Path\" & \"')/Files\", [Headers=[Accept=\"application/json;odata=verbose\"]])),",
      "    #\"Converted to Table\" = Record.ToTable(Source),",
      "    #\"Expanded Value\" = Table.ExpandRecordColumn(#\"Converted to Table\", \"Value\", {\"results\"}, {\"Value.results\"}),",
      "    #\"Value results\" = #\"Expanded Value\"{0}[Value.results],",
      "    #\"Converted to Table1\" = Table.FromList(#\"Value results\", Splitter.SplitByNothing(), null, null, ExtraValues.Error),",
      "    #\"Expanded Column1\" = Table.ExpandRecordColumn(#\"Converted to Table1\", \"Column1\", {\"MajorVersion\", \"MinorVersion\", \"Name\", \"TimeLastModified\", \"UIVersionLabel\", \"UniqueId\"}, {\"Major Version\", \"Minor Version\", \"Name\", \"Modified\", \"Version\", \"Id\"}),",
      "    #\"Filtered Rows\" = Table.SelectRows(#\"Expanded Column1\", each ([Name] = #\"Report Name\" & \".pbix\")),",
      "    #\"Changed Type\" = Table.TransformColumnTypes(#\"Filtered Rows\",{{\"Modified\", type datetimezone}, {\"Major Version\", Int64.Type}, {\"Minor Version\", Int64.Type}, {\"Name\", type text}, {\"Version\", type number}, {\"Id\", type text}}),",
      "    #\"Removed Columns\" = Table.RemoveColumns(#\"Changed Type\",{\"Major Version\", \"Minor Version\", \"Id\"})",
      "in",
      "    #\"Removed Columns\""
    ]
  }
}