{
  "name": "Billing_f",
  "mode": "import",
  "source": {
    "type": "m",
    "expression": [
      "let",
      "    Source = Sql.Database(\"CL-EN-OM-P-DB03\", \"ReportDev\", [Query=\"-- Cleanup first to avoid conflicts#(lf)DROP TABLE IF EXISTS #OrderBillFiltered, #OrderLocations;#(lf)#(lf)-- Create filtered OrderLocations to avoid unnecessary full table scans#(lf)SELECT DISTINCT ol.OrderLocationID#(lf)INTO #OrderLocations#(lf)FROM ReportDev.dbo.OrderLocation AS ol#(lf)INNER JOIN ReportDev.dbo.CompexOrder AS co ON co.OrderID = ol.OrderID#(lf)LEFT JOIN ReportDev.dbo.ClientDemo AS d ON d.ClientID = co.OrderClientID#(lf)WHERE#(lf)    co.ReopenDate IS NULL#(lf)    AND co.CreatedDate >= '2024-12-01'#(lf)    AND co.Active != 2#(lf)    AND ol.Active != 2#(lf)    AND d.ClientID IS NULL;#(lf)#(lf)-- Add indexes for optimized lookup#(lf)CREATE CLUSTERED INDEX IX_OrderLocations ON #OrderLocations(OrderLocationID);#(lf)#(lf)-- Create a temp table for OrderBill to reduce join overhead#(lf)SELECT #(lf)    ob.OrderID,#(lf)    ob.OrderLocationID,#(lf)    ob.OrderBillID,#(lf)    ob.BillDate,#(lf)    ob.BillAmount,#(lf)    ob.BillStatusID,#(lf)    ob.IsProcessed,#(lf)    ob.IsEdited,#(lf)    ob.BillNotes,#(lf)    ob.IsInException,#(lf)    ob.ExceptionValue,#(lf)    ob.PriceGroupID,#(lf)    ob.AppliedClientPriceGroupID,#(lf)    ob.ActivityID,#(lf)    ob.ExceptionID#(lf)INTO #OrderBillFiltered#(lf)FROM ReportDev.dbo.OrderBill AS ob#(lf)INNER JOIN #OrderLocations ol ON ol.OrderLocationID = ob.OrderLocationID#(lf)WHERE ob.Active != 2;#(lf)#(lf)#(lf)#(lf)-- Final optimized query#(lf)SELECT#(lf)    obf.OrderID,#(lf)    obf.OrderLocationID,#(lf)    obf.OrderBillID,#(lf)    obf.BillDate,#(lf)    obf.BillAmount,#(lf)    obf.IsProcessed,#(lf)    obf.IsEdited,#(lf)    obf.BillNotes,#(lf)    obf.IsInException,#(lf)    obf.ExceptionValue,#(lf)    obf.PriceGroupID,#(lf)    obf.AppliedClientPriceGroupID,#(lf)    obf.ActivityID,#(lf)    obf.ExceptionID,#(lf)    bd.BillingStatus#(lf)FROM #OrderBillFiltered obf#(lf)LEFT JOIN (#(lf)    VALUES#(lf)        (1235, 'Ready to Invoice'),#(lf)        (1236, 'Billed'),#(lf)        (1238, 'Exception'),#(lf)        (1239, 'Rebill in Progress'),#(lf)        (1240, 'Rebilled'),#(lf)        (1241, 'Rebilled Failed')#(lf)) AS bd (BillStatusID, BillingStatus)#(lf)ON bd.BillStatusID = obf.BillStatusID;#(lf)#(lf)-- Cleanup temp tables#(lf)DROP TABLE IF EXISTS #OrderBillFiltered, #OrderLocations;#(lf)\"]),",
      "    #\"Changed Type\" = Table.TransformColumnTypes(Source,{{\"OrderID\", type text}, {\"OrderLocationID\", type text}, {\"OrderBillID\", type text}, {\"BillDate\", type date}, {\"BillAmount\", Currency.Type},  {\"IsProcessed\", type logical}, {\"IsEdited\", type logical}, {\"IsInException\", type logical}, {\"PriceGroupID\", type text}, {\"AppliedClientPriceGroupID\", type text}})",
      "in",
      "    #\"Changed Type\""
    ]
  }
}