{
  "name": "BillDate",
  "dataType": "dateTime",
  "sourceColumn": "BillDate",
  "formatString": "Mm/dd/yyyy",
  "lineageTag": "227b4fbe-ffbb-4061-98e8-e381b3c53554",
  "summarizeBy": "none",
  "changedProperties": [
    {
      "property": "IsHidden"
    }
  ],
  "annotations": [
    {
      "name": "SummarizationSetBy",
      "value": "Automatic"
    },
    {
      "name": "UnderlyingDateTimeDataType",
      "value": "Date"
    },
    {
      "name": "PBI_FormatHint",
      "value": "{\"isCustom\":true}"
    }
  ]
}