{
  "name": "Calendar",
  "isHidden": true,
  "lineageTag": "ffef3a42-5dd1-4b31-8c3e-b60953044ba8",
  "levels": [
    {
      "name": "Year",
      "ordinal": 0,
      "column": "Year",
      "lineageTag": "89165a4b-ca8d-4528-ad34-27a745421108"
    },
    {
      "name": "Month",
      "ordinal": 1,
      "column": "Year Month",
      "lineageTag": "e2de37b3-6958-4941-89f9-086fe201160a"
    },
    {
      "name": "Date",
      "ordinal": 2,
      "column": "Date",
      "lineageTag": "76d05625-14fe-43e5-a780-d1b2dfb0a802"
    }
  ]
}