{
  "name": "HIPAA Attestation Tracker",
  "compatibilityLevel": 1567,
  "model": {
    "culture": "en-US",
    "dataAccessOptions": {
      "legacyRedirects": true,
      "returnErrorValuesAsNull": true
    },
    "defaultPowerBIDataSourceVersion": "powerBI_V3",
    "sourceQueryCulture": "en-US",
    "extendedProperties": [
      {
        "type": "json",
        "name": "SQLBI_BRAVO_ManageDatesConfiguration",
        "value": {
          "templateUri": "file:///C:/Users/ayric.dierenfeld/AppData/Local/Bravo/.temp/ManageDates/Templates/Config-01.template.json",
          "isCurrent": false,
          "isCustom": false,
          "name": "Config-01",
          "description": "Standard gregorian calendar",
          "autoScan": 1,
          "onlyTablesColumns": [
            "'Orders_f'[CreatedDate]"
          ],
          "exceptTablesColumns": [],
          "isoCountry": "US",
          "autoNaming": 1,
          "targetMeasures": [],
          "defaults": {
            "firstDayOfWeek": 0
          },
          "dateAvailable": true,
          "dateEnabled": true,
          "dateTableName": "Date",
          "dateTableValidation": 2,
          "dateReferenceTableName": "DateAutoTemplate",
          "dateReferenceTableValidation": 2,
          "holidaysAvailable": true,
          "holidaysEnabled": false,
          "holidaysTableName": "Holidays",
          "holidaysTableValidation": 0,
          "holidaysDefinitionTableName": "HolidaysDefinition",
          "holidaysDefinitionTableValidation": 0,
          "timeIntelligenceAvailable": true,
          "timeIntelligenceEnabled": true
        }
      },
      {
        "type": "json",
        "name": "TabularEditor_DeploymentMetadata",
        "value": {
          "User": "CPXDOM1\\ayric.dierenfeld",
          "Time": "2025-02-27T19:50:25.6196774-08:00",
          "ClientMachine": "LT-PC3-608",
          "DeploymentMode": "SaveUI",
          "TabularEditorBuild": "2.25.8952.22276"
        }
      }
    ],
    "queryGroups": [
      {
        "folder": "Report Metadata",
        "annotations": [
          {
            "name": "PBI_QueryGroupOrder",
            "value": "0"
          }
        ]
      }
    ],
    "annotations": [
      {
        "name": "__PBI_TimeIntelligenceEnabled",
        "value": "0"
      },
      {
        "name": "PBIDesktopVersion",
        "value": "2.140.1205.0 (25.02)+2ab3defe107764e1cf486b42122d9362df7f34ea"
      },
      {
        "name": "PBI_QueryOrder",
        "value": "[\"_measures\",\"Report Path\",\"Report Name\",\"ReportData\",\"Now\",\"StartDate\",\"Client_d\",\"Orders_f\",\"Location_d\",\"OrderLoc_f\",\"Attestation_f\",\"Activity_f\",\"Billing_f\",\"Stage_Dept_d\"]"
      },
      {
        "name": "PBI_ProTooling",
        "value": "[\"DaxQueryView_Desktop\"]"
      },
      {
        "name": "TabularEditor_SerializeOptions",
        "value": "{\"IgnoreInferredObjects\":true,\"IgnoreInferredProperties\":true,\"IgnoreTimestamps\":true,\"SplitMultilineStrings\":true,\"PrefixFilenames\":false,\"LocalTranslations\":false,\"LocalPerspectives\":false,\"LocalRelationships\":false,\"Levels\":[\"Data Sources\",\"Perspectives\",\"Relationships\",\"Roles\",\"Shared Expressions\",\"Tables\",\"Tables/Calculation Items\",\"Tables/Columns\",\"Tables/Hierarchies\",\"Tables/Measures\",\"Tables/Partitions\",\"Translations\"]}"
      }
    ]
  }
}